[toc]

# 1.菜鸟mysql笔记
* [菜鸟：mysql入门](https://www.runoob.com/mysql/mysql-tutorial.html)
## 环境

* 安装MySQL服务器；
  * 有需要还可以安装MySQL 客户端程序

## 基本操作
### 启动mysql服务器


### 登陆mysql


然后命令行执行`mysql -h 主机名 -u 用户名 -p`

* -h : 指定客户端所要登录的 MySQL 主机名, 登录本机(localhost 或 127.0.0.1)该参数可以省略;
* -u : 登录的用户名;
* -p : 告诉服务器将会使用一个密码来登录, 如果所要登录的用户名密码为空, 可以忽略此选项。

比如登陆本机mysql数据库`mysql -u root -p`,若密码存在, 输入密码登录, 不存在则直接按回车登录.


### 关闭mysql服务器

`mysqladmin -u root -p shutdown`

### 添加用户

### 创建数据库

```
CREATE DATABASE 数据库名;
```

### 删除数据库
```
mysql> drop database 数据库名;
```

### 查看当前服务器存在的数据库

```
mysql> SHOW DATABASES;
```

### 查看指定数据库中的所有表
```
mysql> use RUNOOB;
Database changed
mysql> SHOW TABLES;
```

### MySQL 数据类型

* 数据字段的类型对你数据库的优化是非常重要的。
* MySQL支持多种类型，大致可以分为三类：数值、日期/时间和字符串(字符)类型

### 显示数据表的属性，属性类型，主键信息 ，是否为 NULL，默认值等其他信息。
```
mysql> SHOW COLUMNS FROM runoob_tbl;

+-----------------+--------------+------+-----+---------+-------+
| Field           | Type         | Null | Key | Default | Extra |
+-----------------+--------------+------+-----+---------+-------+
| runoob_id       | int(11)      | NO   | PRI | NULL    |       |
| runoob_title    | varchar(255) | YES  |     | NULL    |       |
| runoob_author   | varchar(255) | YES  |     | NULL    |       |
| submission_date | date         | YES  |     | NULL    |       |
+-----------------+--------------+------+-----+---------+-------+
```
### 创建数据表

```
CREATE TABLE table_name (column_name column_type);
```
```
CREATE TABLE IF NOT EXISTS `runoob_tbl`(
   `runoob_id` INT UNSIGNED AUTO_INCREMENT,
   `runoob_title` VARCHAR(100) NOT NULL,
   `runoob_author` VARCHAR(40) NOT NULL,
   `submission_date` DATE,
   PRIMARY KEY ( `runoob_id` )
)ENGINE=InnoDB DEFAULT CHARSET=utf8;
```

### 删除数据表

```
DROP TABLE table_name ;
```

### 插入数据

```
INSERT INTO table_name ( field1, field2,...fieldN )
                       VALUES
                       ( value1, value2,...valueN );
```

### 查询数据

```
SELECT column_name,column_name
FROM table_name
[WHERE Clause]
[LIMIT N][ OFFSET M]
```

* 查询语句中你可以使用一个或者多个表，表之间使用逗号(,)分割，并使用WHERE语句来设定查询条件。
* SELECT 命令可以读取一条或者多条记录。
* 你可以使用星号（*）来代替其他字段，SELECT语句会返回表的所有字段数据
* 你可以使用 WHERE 语句来包含任何条件。
* 你可以使用 LIMIT 属性来设定返回的记录数。
* 你可以通过OFFSET指定SELECT语句开始查询的数据偏移量。默认情况下偏移量为0。

```
select * from runoob_tbl;
```

#### WHERE 子句

```
SELECT field1, field2,...fieldN FROM table_name1, table_name2...
[WHERE condition1 [AND [OR]] condition2.....
```
```
SELECT * from runoob_tbl WHERE runoob_author='菜鸟教程';
```
##### BINARY 关键字
MySQL 的 WHERE 子句的字符串比较是不区分大小写的。 你可以使用 BINARY 关键字来设定 WHERE 子句的字符串比较是区分大小写的。

```
mysql> SELECT * from runoob_tbl WHERE BINARY runoob_author='runoob.com';
Empty set (0.01 sec)
 
mysql> SELECT * from runoob_tbl WHERE BINARY runoob_author='RUNOOB.COM';
+-----------+---------------+---------------+-----------------+
| runoob_id | runoob_title  | runoob_author | submission_date |
+-----------+---------------+---------------+-----------------+
| 3         | JAVA 教程   | RUNOOB.COM    | 2016-05-06      |
| 4         | 学习 Python | RUNOOB.COM    | 2016-03-06      |
+-----------+---------------+---------------+-----------------+
2 rows in set (0.01 sec)

```

### UPDATE 更新
```
UPDATE table_name SET field1=new-value1, field2=new-value2
[WHERE Clause]
```
* 你可以同时更新一个或多个字段。
* 你可以在 WHERE 子句中指定任何条件。
* 你可以在一个单独表中同时更新数据。

```
mysql> UPDATE runoob_tbl SET runoob_title='学习 C++' WHERE runoob_id=3;
```

### DELETE 语句

```
DELETE FROM table_name [WHERE Clause]
```

```
mysql> DELETE FROM runoob_tbl WHERE runoob_id=3;
```

### LIKE 子句

* LIKE 子句中使用百分号  `%`字符来表示任意字符，类似于UNIX或正则表达式中的星号 `*`
* 如果没有使用百分号 %, LIKE 子句与等号 = 的效果是一样的
* 你可以在 WHERE 子句中指定任何条件。
* 你可以在 WHERE 子句中使用LIKE子句。
* 你可以使用LIKE子句代替等号 =。
* LIKE 通常与 % 一同使用，类似于一个元字符的搜索。
* 你可以使用 AND 或者 OR 指定一个或多个条件。
* 你可以在 DELETE 或 UPDATE 命令中使用 WHERE...LIKE 子句来指定条件。


```
SELECT field1, field2,...fieldN 
FROM table_name
WHERE field1 LIKE condition1 [AND [OR]] filed2 = 'somevalue'
```

```
SELECT * from runoob_tbl  WHERE runoob_author LIKE '%COM';
```

### UNION 操作符

* UNION 操作符用于连接两个以上的 SELECT 语句的结果组合到一个结果集合中。多个 SELECT 语句会删除重复的数据。


```
SELECT expression1, expression2, ... expression_n
FROM tables
[WHERE conditions]
UNION [ALL | DISTINCT]
SELECT expression1, expression2, ... expression_n
FROM tables
[WHERE conditions];
```
* expression1, expression2, ... expression_n: 要检索的列。
* tables: 要检索的数据表。
* WHERE conditions: 可选， 检索条件。
* DISTINCT: 可选，删除结果集中重复的数据。默认情况下 UNION 操作符已经删除了重复数据，所以 DISTINCT 修饰符对结果没啥影响。
* ALL: 可选，返回所有结果集，包含重复数据。

```
SELECT country FROM Websites
UNION
SELECT country FROM apps
ORDER BY country;
```

```
SELECT country FROM Websites
UNION ALL
SELECT country FROM apps
ORDER BY country;
```
### 排序

```
SELECT field1, field2,...fieldN FROM table_name1, table_name2...
ORDER BY field1 [ASC [DESC][默认 ASC]], [field2...] [ASC [DESC][默认 ASC]]
```

* 你可以使用任何字段来作为排序的条件，从而返回排序后的查询结果。
* 你可以设定多个字段来排序。
* 你可以使用 ASC 或 DESC 关键字来设置查询结果是按升序或降序排列。 默认情况下，它是按升序排列。
* 你可以添加 WHERE...LIKE 子句来设置条件

### GROUP BY 语句

GROUP BY 语句根据一个或多个列对结果集进行分组。

在分组的列上我们可以使用 COUNT, SUM, AVG,等函数。(作用就是使用这些函数对结果进行计算和统计)

```
SELECT column_name, function(column_name)
FROM table_name
WHERE column_name operator value
GROUP BY column_name;
```

```
mysql> SELECT * FROM employee_tbl;
+----+--------+---------------------+--------+
| id | name   | date                | singin |
+----+--------+---------------------+--------+
|  1 | 小明 | 2016-04-22 15:25:33 |      1 |
|  2 | 小王 | 2016-04-20 15:25:47 |      3 |
|  3 | 小丽 | 2016-04-19 15:26:02 |      2 |
|  4 | 小王 | 2016-04-07 15:26:14 |      4 |
|  5 | 小明 | 2016-04-11 15:26:40 |      4 |
|  6 | 小明 | 2016-04-04 15:26:54 |      2 |
+----+--------+---------------------+--------+

mysql> SELECT name, COUNT(*) FROM   employee_tbl GROUP BY name;
+--------+----------+
| name   | COUNT(*) |
+--------+----------+
| 小丽 |        1 |
| 小明 |        3 |
| 小王 |        2 |
+--------+----------+
```

### JOIN连接的使用
在真正的应用中经常需要从多个数据表中读取数据。使用 MySQL 的 JOIN 在两个或多个表中查询数据。

你可以在 SELECT, UPDATE 和 DELETE 语句中使用 Mysql 的 JOIN 来联合多表查询。

JOIN 按照功能大致分为如下三类：

* INNER JOIN（内连接,或等值连接）：获取两个表中字段匹配关系的记录。
* LEFT JOIN（左连接）：获取左表所有记录，即使右表没有对应匹配的记录。
* RIGHT JOIN（右连接）： 与 LEFT JOIN 相反，用于获取右表所有记录，即使左表没有对应匹配的记录。

```
mysql> SELECT * FROM tcount_tbl;
+---------------+--------------+
| runoob_author | runoob_count |
+---------------+--------------+
| 菜鸟教程  | 10           |
| RUNOOB.COM    | 20           |
| Google        | 22           |
+---------------+--------------+
3 rows in set (0.01 sec)
 
mysql> SELECT * from runoob_tbl;
+-----------+---------------+---------------+-----------------+
| runoob_id | runoob_title  | runoob_author | submission_date |
+-----------+---------------+---------------+-----------------+
| 1         | 学习 PHP    | 菜鸟教程  | 2017-04-12      |
| 2         | 学习 MySQL  | 菜鸟教程  | 2017-04-12      |
| 3         | 学习 Java   | RUNOOB.COM    | 2015-05-01      |
| 4         | 学习 Python | RUNOOB.COM    | 2016-03-06      |
| 5         | 学习 C      | FK            | 2017-04-05      |
+-----------+---------------+---------------+-----------------+
5 rows in set (0.01 sec)

mysql> SELECT a.runoob_id, a.runoob_author, b.runoob_count FROM runoob_tbl a INNER JOIN tcount_tbl b ON a.runoob_author = b.runoob_author;
+-------------+-----------------+----------------+
| a.runoob_id | a.runoob_author | b.runoob_count |
+-------------+-----------------+----------------+
| 1           | 菜鸟教程    | 10             |
| 2           | 菜鸟教程    | 10             |
| 3           | RUNOOB.COM      | 20             |
| 4           | RUNOOB.COM      | 20             |
+-------------+-----------------+----------------+
4 rows in set (0.00 sec)
```
以上 SQL 语句等价于：
```
mysql> SELECT a.runoob_id, a.runoob_author, b.runoob_count FROM runoob_tbl a, tcount_tbl b WHERE a.runoob_author = b.runoob_author;
+-------------+-----------------+----------------+
| a.runoob_id | a.runoob_author | b.runoob_count |
+-------------+-----------------+----------------+
| 1           | 菜鸟教程    | 10             |
| 2           | 菜鸟教程    | 10             |
| 3           | RUNOOB.COM      | 20             |
| 4           | RUNOOB.COM      | 20             |
+-------------+-----------------+----------------+
4 rows in set (0.01 sec)
```
![img_innerjoin.gif](./img/img_innerjoin.gif)
#### LEFT JOIN
MySQL left join 与 join 有所不同。 MySQL LEFT JOIN 会读取左边数据表的全部数据，即便右边表无对应数据。

```
mysql> SELECT a.runoob_id, a.runoob_author, b.runoob_count FROM runoob_tbl a LEFT JOIN tcount_tbl b ON a.runoob_author = b.runoob_author;
+-------------+-----------------+----------------+
| a.runoob_id | a.runoob_author | b.runoob_count |
+-------------+-----------------+----------------+
| 1           | 菜鸟教程    | 10             |
| 2           | 菜鸟教程    | 10             |
| 3           | RUNOOB.COM      | 20             |
| 4           | RUNOOB.COM      | 20             |
| 5           | FK              | NULL           |
+-------------+-----------------+----------------+
5 rows in set (0.01 sec)
```
![img_innerjoin.gif](./img/img_leftjoin.gif)
### RIGHT JOIN

MySQL RIGHT JOIN 会读取右边数据表的全部数据，即便左边边表无对应数据。
```
mysql> SELECT a.runoob_id, a.runoob_author, b.runoob_count FROM runoob_tbl a RIGHT JOIN tcount_tbl b ON a.runoob_author = b.runoob_author;
+-------------+-----------------+----------------+
| a.runoob_id | a.runoob_author | b.runoob_count |
+-------------+-----------------+----------------+
| 1           | 菜鸟教程    | 10             |
| 2           | 菜鸟教程    | 10             |
| 3           | RUNOOB.COM      | 20             |
| 4           | RUNOOB.COM      | 20             |
| NULL        | NULL            | 22             |
+-------------+-----------------+----------------+
```
![img_innerjoin.gif](./img/img_rightjoin.gif)

### NULL 值处理

MySQL 使用 SQL SELECT 命令及 WHERE 子句来读取数据表中的数据,但是当提供的查询条件字段为 NULL 时，该命令可能就无法正常工作。

为了处理这种情况，MySQL提供了三大运算符:

* `IS NULL`: 当列的值是 NULL,此运算符返回 true。
* `IS NOT NULL`: 当列的值不为 NULL, 运算符返回 true。
* `<=>`: 比较操作符（不同于 = 运算符），当比较的的两个值相等或者都为 NULL 时返回 true。

要注意：
* 关于 NULL 的条件比较运算是比较特殊的。你不能使用 = NULL 或 != NULL 在列中查找 NULL 值 。
* 在 MySQL 中，NULL 值与任何其它值的比较（即使是 NULL）永远返回 NULL，即 NULL = NULL 返回 NULL 。

```
mysql> SELECT * FROM runoob_test_tbl WHERE runoob_count IS NULL;
+---------------+--------------+
| runoob_author | runoob_count |
+---------------+--------------+
| 菜鸟教程  | NULL         |
| Google        | NULL         |
+---------------+--------------+
2 rows in set (0.01 sec)
 
```
### 正则表达式

正则表达式的语法和常规的差不多
查找name字段中以'st'为开头的所有数据：

```
mysql> SELECT name FROM person_tbl WHERE name REGEXP '^st';
```

查找name字段中包含'mar'字符串的所有数据：

```
mysql> SELECT name FROM person_tbl WHERE name REGEXP 'mar';
```

### 事务

MySQL 事务主要用于处理操作量大，复杂度高的数据。比如说，在人员管理系统中，你删除一个人员，你既需要删除人员的基本资料，也要删除和该人员相关的信息，如信箱，文章等等，这样，这些数据库操作语句就构成一个事务！

* 在 MySQL 中只有使用了 Innodb 数据库引擎的数据库或表才支持事务。
* 事务处理可以用来维护数据库的完整性，保证成批的 SQL 语句要么全部执行，要么全部不执行。
* 事务用来管理 insert,update,delete 语句

MYSQL 事务处理主要有两种方法：
1. 用 BEGIN, ROLLBACK, COMMIT来实现

  * BEGIN 开始一个事务
  * ROLLBACK 事务回滚
  * COMMIT 事务确认

2、直接用 SET 来改变 MySQL 的自动提交模式:

  * SET AUTOCOMMIT=0 禁止自动提交
  * SET AUTOCOMMIT=1 开启自动提交


### ALTER命令

当我们需要修改数据表名或者修改数据表字段时，就需要使用到MySQL ALTER命令。

#### 删除，添加或修改表字段

如下命令使用了 ALTER 命令及 DROP 子句来删除以上创建表的 i 字段：
```
mysql> ALTER TABLE testalter_tbl  DROP i;
```
如果数据表中只剩余一个字段则无法使用DROP来删除字段。
使用 ADD 子句来向数据表中添加列，如下实例在表 testalter_tbl 中添加 i 字段，并定义数据类型:
```
mysql> ALTER TABLE testalter_tbl ADD i INT;
```
如果你需要指定新增字段的位置，可以使用MySQL提供的关键字 FIRST (设定位第一列)， AFTER 字段名（设定位于某个字段之后）。
```
ALTER TABLE testalter_tbl DROP i;
ALTER TABLE testalter_tbl ADD i INT FIRST;
ALTER TABLE testalter_tbl DROP i;
ALTER TABLE testalter_tbl ADD i INT AFTER c;
```
#### 修改字段类型及名称
如果需要修改字段类型及名称, 你可以在ALTER命令中使用 MODIFY 或 CHANGE 子句
把字段 c 的类型从 CHAR(1) 改为 CHAR(10)，
```
mysql> ALTER TABLE testalter_tbl MODIFY c CHAR(10);
```

使用 CHANGE 子句, 语法有很大的不同。 在 CHANGE 关键字之后，紧跟着的是你要修改的字段名，然后指定新字段名及类型。尝试如下实例：
```
mysql> ALTER TABLE testalter_tbl CHANGE i j BIGINT;
```

#### ALTER TABLE 对 Null 值和默认值的影响

以下实例，指定字段 j 为 NOT NULL 且默认值为100 。
```
mysql> ALTER TABLE testalter_tbl 
    -> MODIFY j BIGINT NOT NULL DEFAULT 100;
```

#### 修改字段默认值

你可以使用 ALTER 来修改字段的默认值，尝试以下实例：
```
mysql> ALTER TABLE testalter_tbl ALTER i SET DEFAULT 1000;
mysql> SHOW COLUMNS FROM testalter_tbl;
+-------+---------+------+-----+---------+-------+
| Field | Type    | Null | Key | Default | Extra |
+-------+---------+------+-----+---------+-------+
| c     | char(1) | YES  |     | NULL    |       |
| i     | int(11) | YES  |     | 1000    |       |
+-------+---------+------+-----+---------+-------+
2 rows in set (0.00 sec)
```

#### 修改表名

以下实例将数据表 testalter_tbl 重命名为 alter_tbl：
```
mysql> ALTER TABLE testalter_tbl RENAME TO alter_tbl;
```

### 索引

MySQL索引的建立对于MySQL的高效运行是很重要的，索引可以大大提高MySQL的检索速度。

创建索引时，你需要确保该索引是应用在 SQL 查询语句的条件(一般作为 WHERE 子句的条件)。

实际上，索引也是一张表，该表保存了主键与索引字段，并指向实体表的记录。

上面都在说使用索引的好处，但过多的使用索引将会造成滥用。因此索引也会有它的缺点：虽然索引大大提高了查询速度，同时却会降低更新表的速度，如对表进行INSERT、UPDATE和DELETE。因为更新表时，MySQL不仅要保存数据，还要保存一下索引文件。

建立索引会占用磁盘空间的索引文件。

#### 普通索引
##### 创建索引

```
CREATE INDEX indexName ON mytable(username(length)); 
```

##### 修改表结构(添加索引)

```
ALTER table tableName ADD INDEX indexName(columnName)
```

##### 创建表的时候直接指定

```
CREATE TABLE mytable(  
 
ID INT NOT NULL,   
 
username VARCHAR(16) NOT NULL,  
 
INDEX [indexName] (username(length))  
 
);  
```

##### 删除索引的语法

```
DROP INDEX [indexName] ON mytable; 
```

#### 唯一索引

它与前面的普通索引类似，不同的就是：索引列的值必须唯一，但允许有空值。如果是组合索引，则列值的组合必须唯一。它有以下几种创建方式：

##### 创建索引

```
CREATE UNIQUE INDEX indexName ON mytable(username(length)) 
```

##### 修改表结构

```
ALTER table mytable ADD UNIQUE [indexName] (username(length))
```

##### 创建表的时候直接指定

```
CREATE TABLE mytable(  
 
ID INT NOT NULL,   
 
username VARCHAR(16) NOT NULL,  
 
UNIQUE [indexName] (username(length))  
 
);  
```

#### 使用ALTER 命令添加和删除索引
有四种方式来添加数据表的索引：

* ALTER TABLE tbl_name ADD PRIMARY KEY (column_list): 该语句添加一个主键，这意味着索引值必须是唯一的，且不能为NULL。
* ALTER TABLE tbl_name ADD UNIQUE index_name (column_list): 这条语句创建索引的值必须是唯一的（除了NULL外，NULL可能会出现多次）。
* ALTER TABLE tbl_name ADD INDEX index_name (column_list): 添加普通索引，索引值可出现多次。
* ALTER TABLE tbl_name ADD FULLTEXT index_name (column_list):该语句指定了索引为 FULLTEXT ，用于全文索引。

#### 使用 ALTER 命令添加和删除主键
主键只能作用于一个列上，添加主键索引时，你需要确保该主键默认不为空（NOT NULL）
```
mysql> ALTER TABLE testalter_tbl MODIFY i INT NOT NULL;
mysql> ALTER TABLE testalter_tbl ADD PRIMARY KEY (i);
```

#### 显示索引信息

```
mysql> SHOW INDEX FROM table_name;
```

### 临时表

MySQL 临时表在我们需要保存一些临时数据时是非常有用的。临时表只在当前连接可见，当关闭连接时，Mysql会自动删除表并释放所有空间。

默认情况下，当你断开与数据库的连接后，临时表就会自动被销毁。当然你也可以在当前MySQL会话使用 DROP TABLE 命令来手动删除临时表。

### 复制表
如果我们需要完全的复制MySQL的数据表，包括表的结构，索引，默认值等。
https://www.runoob.com/mysql/mysql-clone-tables.html

### 元数据

MySQL以下三种信息：
* 查询结果信息： SELECT, UPDATE 或 DELETE语句影响的记录数。
* 数据库和数据表的信息： 包含了数据库及数据表的结构信息。
* MySQL服务器信息： 包含了数据库服务器的当前状态，版本号等。

### 序列使用

MySQL 序列是一组整数：1, 2, 3, ...，由于一张数据表只能有一个字段自增主键， 如果你想实现其他字段也实现自动增加，就可以使用MySQL序列来实现。

#### 使用 AUTO_INCREMENT

#### 重置序列
如果你删除了数据表中的多条记录，并希望对剩下数据的AUTO_INCREMENT列进行重新排列，那么你可以通过删除自增的列，然后重新添加来实现。 不过该操作要非常小心，如果在删除的同时又有新记录添加，有可能会出现数据混乱。操作如下所示：
```
mysql> ALTER TABLE insect DROP id;
mysql> ALTER TABLE insect
    -> ADD id INT UNSIGNED NOT NULL AUTO_INCREMENT FIRST,
    -> ADD PRIMARY KEY (id);
```

#### 设置序列的开始值
一般情况下序列的开始值为1，但如果你需要指定一个开始值100，
```
mysql> CREATE TABLE insect
    -> (
    -> id INT UNSIGNED NOT NULL AUTO_INCREMENT,
    -> PRIMARY KEY (id),
    -> name VARCHAR(30) NOT NULL, 
    -> date DATE NOT NULL,
    -> origin VARCHAR(30) NOT NULL
)engine=innodb auto_increment=100 charset=utf8;
```
### 处理重复数据

#### 防止表中出现重复数据
你可以在 MySQL 数据表中设置指定的字段为 PRIMARY KEY（主键） 或者 UNIQUE（唯一） 索引来保证数据的唯一性。

```
CREATE TABLE person_tbl
(
   first_name CHAR(20) NOT NULL,
   last_name CHAR(20) NOT NULL,
   sex CHAR(10),
   PRIMARY KEY (last_name, first_name)
);
```
如果我们设置了唯一索引，那么在插入重复数据时，SQL 语句将无法执行成功,并抛出错。

#### 统计重复数据

```
mysql> SELECT COUNT(*) as repetitions, last_name, first_name
    -> FROM person_tbl
    -> GROUP BY last_name, first_name
    -> HAVING repetitions > 1;
```

#### 过滤重复数据
如果你需要读取不重复的数据可以在 SELECT 语句中使用 DISTINCT 关键字来过滤重复数据。
```
mysql> SELECT DISTINCT last_name, first_name
    -> FROM person_tbl;
```
也可以使用 GROUP BY 来读取数据表中不重复的数据：
```
mysql> SELECT last_name, first_name
    -> FROM person_tbl
    -> GROUP BY (last_name, first_name);
```
#### 删除重复数据
如果你想删除数据表中的重复数据，你可以使用以下的SQL语句：

```
mysql> CREATE TABLE tmp SELECT last_name, first_name, sex FROM person_tbl  GROUP BY (last_name, first_name, sex);
mysql> DROP TABLE person_tbl;
mysql> ALTER TABLE tmp RENAME TO person_tbl;
```
当然你也可以在数据表中添加 INDEX（索引） 和 PRIMAY KEY（主键）这种简单的方法来删除表中的重复记录。方法如下：
```
mysql> ALTER IGNORE TABLE person_tbl
    -> ADD PRIMARY KEY (last_name, first_name);
```

### MySQL 及 SQL 注入

所谓SQL注入，就是通过把SQL命令插入到Web表单递交或输入域名或页面请求的查询字符串，最终达到欺骗服务器执行恶意的SQL命令。
防止SQL注入，我们需要注意以下几个要点：

1.永远不要信任用户的输入。对用户的输入进行校验，可以通过正则表达式，或限制长度；对单引号和 双"-"进行转换等。
2.永远不要使用动态拼装sql，可以使用参数化的sql或者直接使用存储过程进行数据查询存取。
3.永远不要使用管理员权限的数据库连接，为每个应用使用单独的权限有限的数据库连接。
4.不要把机密信息直接存放，加密或者hash掉密码和敏感的信息。
5.应用的异常信息应该给出尽可能少的提示，最好使用自定义的错误信息对原始错误信息进行包装
6.sql注入的检测方法一般采取辅助软件或网站平台来检测，软件一般采用sql注入检测工具jsky，网站平台就有亿思网站安全平台检测工具。MDCSOFT SCAN等。采用MDCSOFT-IPS可以有效的防御SQL注入，XSS攻击等。

### 导出数据

#### 使用 SELECT ... INTO OUTFILE 语句导出数据

```
mysql> SELECT * FROM runoob_tbl 
    -> INTO OUTFILE '/tmp/runoob.txt';
```

### 导入数据

#### 1、mysql 命令导入

```
mysql -u用户名    -p密码    <  要导入的数据库数据(runoob.sql)
```
#### 2、source 命令导入

```
mysql> create database abc;      # 创建数据库
mysql> use abc;                  # 使用已创建的数据库 
mysql> set names utf8;           # 设置编码
mysql> source /home/abc/abc.sql  # 导入备份数据库
```

#### 3、使用 LOAD DATA 导入数据

```
mysql> LOAD DATA LOCAL INFILE 'dump.txt' INTO TABLE mytbl;
```

#### 4、使用 mysqlimport 导入数据

mysqlimport 的大多数选项直接对应 LOAD DATA INFILE 子句。

从文件 dump.txt 中将数据导入到 mytbl 数据表中, 可以使用以下命令：
```
$ mysqlimport -u root -p --local mytbl dump.txt
```

### MySQL 函数
https://www.runoob.com/mysql/mysql-functions.html

### MySQL 运算符
https://www.runoob.com/mysql/mysql-operator.html
## 其他

* MySQL 的SQL语句以分号 `;` 作为结束标识